<?xml version="1.0" encoding="UTF-8"?>
<!DOCTYPE mapper PUBLIC "-//mybatis.org//DTD Mapper 3.0//EN" "http://mybatis.org/dtd/mybatis-3-mapper.dtd">
<!-- MemberResultMap2 을 사용한 이유가 무엇인가에 대해서 의문 -->
<mapper namespace="com.example.app.domain.mapper.MemberMapper">
	<resultMap id="MemberResultMap2" type="java.util.HashMap">
		<id property="id" column="id" />
		<result property="password" column="password" />
		<result property="phone" column="phone" />
		<result property="email" column="email" />
		<result property="role" column="role" />
	</resultMap>

	<insert id="InsertXML" useGeneratedKeys="true" keyProperty="id"  parameterType="com.example.app.domain.dto.MemberDto">
		<selectKey keyProperty="id" order="AFTER" resultType="int">
			select max(id)+1 from tbl_member
		</selectKey>
		insert into tbl_member values(null,#{name},#{password},#{phone},#{email},#{role}")
	</insert>
	
	<update id="UpdateXML" parameterType="com.example.app.domain.dto.MemberDto">
		update tbl_member set #{name},#{password},#{phone},#{email},#{role} where id=#{id}
	</update>
	<delete id="DeleteXML" parameterType="int">
		delete from tbl_member where id=#{id}
	</delete>		
	
	<select id="SelectAtXML" parameterType="int" resultType="com.example.app.domain.dto.MemberDto">
		select * from tbl_member where id=#{id}
	</select>
	<select id="SelectAllXML"  resultType="com.example.app.domain.dto.MemberDto">
		select * from tbl_member
	</select>

	<select id="SelectAllResultMapXML"  resultMap="MemberResultMap2">
		select * from tbl_member
	</select>

</mapper>







