<?xml version="1.0" encoding="UTF-8" ?>
<!DOCTYPE mapper PUBLIC "-//mybatis.org//DTD Mapper 3.0//EN" "http://mybatis.org/dtd/mybatis-3-mapper.dtd" >
<mapper namespace="com.example.app.domain.mapper.UserMapper">

    <resultMap id="userResultMap" type="com.example.app.domain.dto.UserDto">
        <result column="id" property="id" />
        <result column="name" property="name" />
        <result column="password" property="password" />
        <result column="phone" property="phone" />
        <result column="email" property="email" />
        <result column="role" property="role" />
    </resultMap>

    <select id="getUserById" resultMap="userResultMap">
        SELECT * FROM user WHERE id = #{id}
    </select>

    <insert id="insertUser" parameterType="com.example.app.domain.dto.UserDto">
        INSERT INTO user (id, name, password, phone, email, role)
        VALUES (#{id}, #{name}, #{password}, #{phone}, #{email}, #{role})
    </insert>

    <update id="updateUser" parameterType="com.example.app.domain.dto.UserDto">
        UPDATE user
        SET password = #{password}, phone = #{phone}, email = #{email},
        role = #{role}
        WHERE id = #{id}
    </update>

    <delete id="deleteUserById">
        DELETE FROM user WHERE id = #{id}
    </delete>

</mapper>
