<?xml version="1.0" encoding="UTF-8"?>
<!DOCTYPE mapper PUBLIC "-//mybatis.org//DTD Mapper 3.0//EN" "http://mybatis.org/dtd/mybatis-3-mapper.dtd">

<mapper namespace="com.example.app.domain.mapper.MemberMapper">
	<resultMap id="MemberResultMap" type="java.util.HashMap">
		<id property="id" column="id" />
		<result property="text" column="text" />
	</resultMap>
	
	
	<insert id="InsertXML" useGeneratedKeys="true" keyProperty="id"  parameterType="com.example.app.domain.dto.MemberDTO">
		<selectKey keyProperty="id" order="AFTER" resultType="long">
			select max(id)+1 from tbl_memo
		</selectKey>
		insert into tbl_member values(null,#{name},#{password},null)
	</insert>
	
	<update id="UpdateXML" parameterType="com.example.app.domain.dto.MemberDTO">
		update tbl_member set name=#{name},password=#{password},role=#{"ROLE_USER"} where id=#{id}
	</update>
	<delete id="DeleteXML" parameterType="int">
		delete from tbl_member where id=#{id}
	</delete>		
	
	<select id="SelectAtXML" parameterType="int" resultType="com.example.app.domain.dto.MemberDTO">
		select * from tbl_member where id=#{id}
	</select>
	<select id="SelectAllXML"  resultType="com.example.app.domain.dto.MemberDTO">
		select * from tbl_member
	</select>
	
<!--Result map 이 어디랑 연결되어있는지 모르겟어-->
	<select id="SelectAllResultMapXML"  resultMap="MemberResultMap">
		select * from tbl_member
	</select>
	
	<!--  
		동적쿼리 적용
	-->
	<select id="SelectIf" parameterType="java.util.Map" resultType="java.util.Map">
		select * from tbl_member
		<if test="type!=null and type.equals('text')">
			where text like concat('%',#{name},#{password},'%')
		</if>
	</select>
	
	<select id="SelectWhen"  parameterType="java.util.Map" resultType="java.util.Map">
		select * from tbl_member
		
		<if test="condition==true">
			where
			<choose>
				<when test="type!=null and type.equals('name')">
					id like concat('%',#{name},'%')
				</when>
				<when test="type!=null and type.equals('password')">
					text like concat('%',#{password},'%')
				</when>	
			</choose>
		</if>

		
	</select>
	
</mapper>







