<?xml version="1.0" encoding="UTF-8"?>
<!DOCTYPE mapper PUBLIC "-//mybatis.org//DTD Mapper 3.0//EN" "http://mybatis.org/dtd/mybatis-3-mapper.dtd">
<!-- MemberResultMap2 을 사용한 이유가 무엇인가에 대해서 의문 -->
<mapper namespace="com.example.app.domain.mapper.MemberMapper">
	<resultMap id="MemberResultMap" type="java.util.HashMap">
		<result property="id" column="id" />
		<result property="name" column="name" />
		<result property="password" column="password" />
		<result property="phone" column="phone" />
		<result property="email" column="email" />
		<result property="role" column="role" />
	</resultMap>

	<select id="getUserById" resultType="com.example.app.domain.dto.MemberDto">
		select * from tbl_member where id = #{id}
	</select>

	<insert id="InsertMember" parameterType="com.example.app.domain.dto.MemberDto">
		insert into tbl_member(id, name, password, phone, email, role)
		values(#{id},#{name},#{password},#{phone},#{email},'USER_ROLE')
	</insert>
	
	<update id="UpdateMember" parameterType="com.example.app.domain.dto.MemberDto">
		update tbl_member set #{password},#{phone},#{email},'USER_ROLE' where id=#{id}
	</update>
	<delete id="DeleteMember" parameterType="String">
		delete from tbl_member where id=#{id}
	</delete>		
	
	<select id="SelectAt" parameterType="String" resultType="com.example.app.domain.dto.MemberDto">
		select * from tbl_member where id=#{id}
	</select>
	<select id="SelectAll"  resultType="com.example.app.domain.dto.MemberDto">
		select * from tbl_member
	</select>

	<select id="SelectAllResultMap"  resultMap="MemberResultMap">
		select * from tbl_member
	</select>

</mapper>







